{"cameraMode":{"drawMode":0,"name":"Shaded","section":"Shading Mode"},"sceneLighting":false,"audioPlay":false,"sceneViewState":{"m_AlwaysRefresh":false,"showFog":true,"showSkybox":false,"showFlares":true,"showImageEffects":true,"showParticleSystems":true,"showVisualEffectGraphs":true,"m_FxEnabled":true},"in2DMode":false,"pivot":{"x":0.04067802429199219,"y":4.438755512237549,"z":-10.337984085083008},"rotation":{"x":-0.33429670333862307,"y":0.40653976798057558,"z":-0.1628488153219223,"w":-0.8345454931259155},"size":13.194206237792969,"orthographic":true}