{"cameraMode":{"drawMode":0,"name":"Shaded","section":"Shading Mode"},"sceneLighting":false,"audioPlay":false,"sceneViewState":{"m_AlwaysRefresh":false,"showFog":true,"showSkybox":false,"showFlares":true,"showImageEffects":true,"showParticleSystems":true,"showVisualEffectGraphs":true,"m_FxEnabled":true},"in2DMode":false,"pivot":{"x":0.9536705017089844,"y":1.1750946044921876,"z":1.4473230838775635},"rotation":{"x":0.13688026368618012,"y":-0.7069593667984009,"z":0.1424969583749771,"w":0.6790938973426819},"size":17.514236450195314,"orthographic":true}