{"cameraMode":{"drawMode":0,"name":"Shaded","section":"Shading Mode"},"sceneLighting":false,"audioPlay":false,"sceneViewState":{"m_AlwaysRefresh":false,"showFog":true,"showSkybox":false,"showFlares":true,"showImageEffects":true,"showParticleSystems":true,"showVisualEffectGraphs":true,"m_FxEnabled":true},"in2DMode":false,"pivot":{"x":-0.7022666931152344,"y":10.750260353088379,"z":-17.540733337402345},"rotation":{"x":0.16689236462116242,"y":-0.7541019320487976,"z":0.20992089807987214,"w":0.5995205044746399},"size":16.966529846191408,"orthographic":true}