{"cameraMode":{"drawMode":0,"name":"Shaded","section":"Shading Mode"},"sceneLighting":false,"audioPlay":false,"sceneViewState":{"m_AlwaysRefresh":false,"showFog":true,"showSkybox":false,"showFlares":true,"showImageEffects":true,"showParticleSystems":true,"showVisualEffectGraphs":true,"m_FxEnabled":true},"in2DMode":false,"pivot":{"x":-0.5199999809265137,"y":0.28428569436073305,"z":-3.8172616958618166},"rotation":{"x":-0.13425301015377046,"y":-0.8222327828407288,"z":0.21697303652763368,"w":-0.5087682008743286},"size":22.161684036254884,"orthographic":true}